original_cname,mapped_cname
AMS3000,# Inq w/in 3 M
AMS3001,# Inq w/in 12 M
AMS3002,# Inq w/in 24 M
AMS3008,# Non-Util Inq w/in 1 Month
AMS3009,# Non-Util Inq w/in 3 M
AMS3010,# Non-Util Inq w/in 12 M
AMS3011,# Non-Util Inq w/in 24 M
AMS3012,% Inq w/in 1 Month to Inq w/in 12 M
AMS3013,% Inq w/in 1 Month to Inq w/in 24 M
AMS3014,% Util Inq w/in 3 M to Inq w/in 12 M
AMS3015,% Util Inq w/in 3 M to Inq w/in 24 M
AMS3016,% Util Inq w/in 12 M to Inq w/in 24 M
AMS3017,% Util Inq w/in 1 Month to Inq w/in 12 M
AMS3018,% Util Inq w/in 1 Month to Inq w/in 24 M
AMS3019,% Non-Util Inq w/in 3 M to Inq w/in 12 M
AMS3020,% Non-Util Inq w/in 3 M to Inq w/in 24 M
AMS3021,% Non-Util Inq w/in 12 M to Inq w/in 24 M
AMS3022,% Non-Util Inq w/in 1 Month to Inq w/in 12 M
AMS3023,% Non-Util Inq w/in 1 Month to Inq w/in 24 M
AMS3024,# Inq w/in 6 M
AMS3025,# Util Inq w/in 6 M
AMS3026,# Non-Util Inq w/in 6 M
AMS3027,# Inq w/in 1 Month
AMS3028,# Util Inq w/in 1 Month
AMS3029,# Util Inq w/in 3 M
AMS3030,# Util Inq w/in 12 M
AMS3031,# Util Inq w/in 24 M
AMS3100,# Trades
AMS3101,# of Auto Trades
AMS3102,# Bkcrd Trades
AMS3104,# Dept Store Trades
AMS3105,# Inst Trades
AMS3109,# Rev Trades
AMS3111,Age Oldest Trade
AMS3113,Age Oldest Bkcrd Trade
AMS3116,Age Oldest Inst Trade
AMS3117,Age Oldest Mortgage Trade
AMS3119,Age Oldest Retail Trade
AMS3120,Age Oldest Rev Trade
AMS3122,Age Newest Trade
AMS3123,Age Newest Auto Trade
AMS3124,Age Newest Bkcrd Trade
AMS3126,Age Newest Dept Store Trades
AMS3127,Age Newest Inst Trade
AMS3131,Age Newest Retail Trade
AMS3132,Age Newest Sales Finance Trade
AMS3133,# Trades Opened w/in 6 M
AMS3134,# Rev Trades Opened w/in 6 M
AMS3135,# Trades Opened w/in 12 M
AMS3136,# Inst Trades Opened w/in 12 M
AMS3137,# Open Trades
AMS3138,# Open Auto Trades
AMS3139,# Open Bkcrd Trades
AMS3140,# Open Credit Union Trades
AMS3141,# Open Dept Store Trades
AMS3142,# Open Inst Trades
AMS3143,# Open Mortgage Trades
AMS3144,# Open PerFin and StuLoan Trades
AMS3145,# Open Retail Trades
AMS3146,# Open Rev Trades
AMS3147,# Open Sales Finance Trades
AMS3148,# Trades w/Update w/in 3 M w/ Bal > $0 
AMS3150,# Bkcrd Trades w/Update w/in 3 M w/ Bal > $0 
AMS3152,# Dept Store Trades w/Update w/in 3 M w/ Bal > $0 
AMS3153,# Inst Trades w/Update w/in 3 M w/ Bal > $0 
AMS3157,# Rev Trades w/Update w/in 3 M w/ Bal > $0 
AMS3158,# Retail Trades w/Update w/in 3 M w/ Bal > $0 
AMS3159,T Bal Open Trades w/Update w/in 3 M
AMS3160,T Bal Open Auto Trades w/Update w/in 3 M
AMS3161,T Bal Open Bkcrd Trades w/Update w/in 3 M
AMS3162,T Bal Open Credit Union Trades w/Update w/in 3 M
AMS3163,T Bal Open Dept Store Trades w/Update w/in 3 M
AMS3164,T Bal Open Inst Trades w/Update w/in 3 M
AMS3165,T Bal Open Mortgage Trades w/Update w/in 3 M
AMS3166,T Bal Open PerFin and StuLoan Trades w/Update w/in 3 M
AMS3167,T Bal Open Retail Trades w/Update w/in 3 M
AMS3168,T Bal Open Rev Trades w/Update w/in 3 M
AMS3169,T Bal Open Sales Finance Trades w/Update w/in 3 M
AMS3174,T Bal Open StuLoan Trades w/Update w/in 3 M
AMS3175,# StuLoan Trades
AMS3176,# Defaulted StuLoan Trades
AMS3177,# Mortgage Trades
AMS3178,# Retail Trades
AMS3181,T Bal Closed Trades w/Update w/in 3 M
AMS3183,T Bal Closed Bkcrd Trades w/Update w/in 3 M
AMS3184,T Bal Closed Credit Union Trades w/Update w/in 3 M
AMS3185,T Bal Closed Dept Store Trades w/Update w/in 3 M
AMS3188,T Bal Closed PerFin and StuLoan Trades w/Update w/in 3 M
AMS3189,T Bal Closed Retail Trades w/Update w/in 3 M
AMS3190,T Bal Closed Rev Trades w/Update w/in 3 M
AMS3191,T Bal Closed Sales Finance Trades w/Update w/in 3 M
AMS3192,# Trades Opened w/in 3 M
AMS3193,# Inst Trades Opened w/in 6 M
AMS3194,# Rev Trades Opened w/in 12 M
AMS3195,Age Newest Mortgage Trade
AMS3202,T Loan Amount Open StuLoan Trades w/Update w/in 3 M
AMS3203,T Loan Amount Open Auto Trades w/Update w/in 3 M
AMS3204,T High Credit Open Bkcrd Trades w/Update w/in 3 M
AMS3205,T High Credit Open Dept Store Trades w/Update w/in 3 M
AMS3206,T Loan Amount Open Inst Trades w/Update w/in 3 M
AMS3207,T Loan Amount Open Mortgage Trades w/Update w/in 3 M
AMS3208,T High Credit Open Rev Trades w/Update w/in 3 M
AMS3215,# Trades w/ PD > $0
AMS3217,# Bkcrd Trades w/ PD > $0
AMS3219,# Dept Store Trades w/ PD > $0
AMS3220,T High Credit Open Retail Trades w/Update w/in 3 M
AMS3223,# Retail Trades w/ PD > $0
AMS3224,# Rev Trades w/ PD > $0
AMS3228,T PD  Bkcrd Trades w/Update w/in 3 M
AMS3231,T PD Inst Trades w/Update w/in 3 M
AMS3234,T PD Retail Trades w/Update w/in 3 M
AMS3235,T PD Rev Trades w/Update w/in 3 M
AMS3236,T PD Trades w/Update w/in 3 M 
AMS3237,T PD
AMS3239,T PD Bkcrd Trades 
AMS3242,T PD Inst Trades 
AMS3245,T PD Retail Trades 
AMS3246,T PD Rev Trades 
AMS3257,# 30 DPD Occur w/in 6 M Rev Trades
AMS3266,# 30 DPD Occur w/in 12 M Rev Trades
AMS3268,# 30 DPD Occur w/in 24 M
AMS3270,# 30 DPD Occur w/in 24 M Bkcrd Trades
AMS3272,# 30 DPD Occur w/in 24 M Dept Store Trades
AMS3273,# 30 DPD Occur w/in 24 M Inst Trades
AMS3276,# 30 DPD Occur w/in 24 M Retail Trades
AMS3277,# 30 DPD Occur w/in 24 M Rev Trades
AMS3285,# 60 DPD Occur w/in 12 M Retail Trades
AMS3286,# 60 DPD Occur w/in 12 M Rev Trades
AMS3288,# 60 DPD Occur w/in 24 M 
AMS3290,# 60 DPD Occur w/in 24 M Bkcrd Trades
AMS3292,# 60 DPD Occur w/in 24 M Dept Store Trades
AMS3293,# 60 DPD Occur w/in 24 M Inst Trades
AMS3296,# 60 DPD Occur w/in 24 M Retail Trades
AMS3297,# 60 DPD Occur w/in 24 M Rev Trades
AMS3307,# 90 DPD Occur w/in 24 M
AMS3309,# 90 DPD Occur w/in 24 M Bkcrd Trades
AMS3311,# 90 DPD Occur w/in 24 M Dept Store Trades
AMS3312,# 90 DPD Occur w/in 24 M Inst Trades
AMS3315,# 90 DPD Occur w/in 24 M Retail Trades
AMS3316,# 90 DPD Occur w/in 24 M Rev Trades
AMS3318,# 120-180 or More DPD Occur w/in 24 M
AMS3320,# 120-180 or More DPD Occur w/in 24 M Bkcrd Trades
AMS3322,# 120-180 or More DPD Occur w/in 24 M Dept Store Trades
AMS3323,# 120-180 or More DPD Occur w/in 24 M Inst Trades
AMS3326,# 120-180 or More DPD Occur w/in 24 M Retail Trades
AMS3327,# 120-180 or More DPD Occur w/in 24 M Rev Trades
AMS3329,# Trades Satis w/in 3 M
AMS3330,# Bkcrd Trades Satis w/in 3 M
AMS3332,# Dept Store Trades Satis w/in 3 M
AMS3333,# Inst Trades Satis w/in 3 M
AMS3335,# Retail Trades Satis w/in 3 M
AMS3336,# Rev Trades Satis w/in 3 M
AMS3338,# Trades Satis w/in 6 M
AMS3340,# Bkcrd Trades Satis w/in 6 M
AMS3347,# Rev Trades Satis w/in 6 M
AMS3348,# Retail Trades Satis w/in 6 M
AMS3349,# 60-180 or More DPD Occur w/in 24 M
AMS3350,# 60-180 or More DPD Occur w/in 24 M Bkcrd Trades
AMS3351,# 60-180 or More DPD Occur w/in 24 M Dept Store Trades
AMS3352,# 60-180 or More DPD Occur w/in 24 M Inst Trades
AMS3353,# 60-180 or More DPD Occur w/in 24 M Retail Trades
AMS3354,# 60-180 or More DPD Occur w/in 24 M Rev Trades
AMS3355,# 90-180 or More DPD Occur w/in 24 M
AMS3356,# 90-180 or More DPD Occur w/in 24 M Bkcrd Trades
AMS3357,# 90-180 or More DPD Occur w/in 24 M Dept Store Trades
AMS3358,# 90-180 or More DPD Occur w/in 24 M Inst Trades
AMS3359,# 90-180 or More DPD Occur w/in 24 M Retail Trades
AMS3360,# 90-180 or More DPD Occur w/in 24 M Rev Trades
AMS3361,# 60-180 or More DPD Occur w/in 12 M
AMS3362,# 60-180 or More DPD Occur w/in 12 M Bkcrd Trades
AMS3363,# 60-180 or More DPD Occur w/in 12 M Dept Store Trades
AMS3364,# 60-180 or More DPD Occur w/in 12 M Inst Trades
AMS3365,# 60-180 or More DPD Occur w/in 12 M Retail Trades
AMS3366,# 60-180 or More DPD Occur w/in 12 M Rev Trades
AMS3367,# 90-180 or More DPD Occur w/in 12 M
AMS3368,# Trades Always Satis
AMS3369,# 90-180 or More DPD Occur w/in 12 M Bkcrd Trades
AMS3370,# Bkcrd Trades Always Satis
AMS3371,# 90-180 or More DPD Occur w/in 12 M Dept Store Trades
AMS3372,# 90-180 or More DPD Occur w/in 12 M Inst Trades
AMS3373,# 90-180 or More DPD Occur w/in 12 M Retail Trades
AMS3374,# 90-180 or More DPD Occur w/in 12 M Rev Trades
AMS3376,# Rev Trades Always Satis
AMS3377,# Retail Trades Always Satis
AMS3379,# Tr Wo Rat 30 DPD w/in 3 M
AMS3380,# Bkcrd Tr Wo Rat 30 DPD w/in 3 M
AMS3382,# Dept Store Tr Wo Rat 30 DPD w/in 3 M
AMS3383,# Inst Tr Wo Rat 30 DPD w/in 3 M
AMS3385,# Retail Tr Wo Rat 30 DPD w/in 3 M
AMS3386,# Rev Tr Wo Rat 30 DPD w/in 3 M
AMS3387,# Sales Finance Tr Wo Rat 30 DPD w/in 3 M
AMS3388,# Tr Wo Rat 60 DPD w/in 3 M
AMS3389,# Bkcrd Tr Wo Rat 60 DPD w/in 3 M
AMS3391,# Dept Store Tr Wo Rat 60 DPD w/in 3 M
AMS3392,# Inst Tr Wo Rat 60 DPD w/in 3 M
AMS3394,# Retail Tr Wo Rat 60 DPD w/in 3 M
AMS3395,# Rev Tr Wo Rat 60 DPD w/in 3 M
AMS3396,# Sales Finance Tr Wo Rat 60 DPD w/in 3 M
AMS3397,# Tr Wo Rat 90 DPD w/in 3 M
AMS3398,# Bkcrd Tr Wo Rat 90 DPD w/in 3 M
AMS3400,# Dept Store Tr Wo Rat 90 DPD w/in 3 M
AMS3401,# Inst Tr Wo Rat 90 DPD w/in 3 M
AMS3403,# Retail Tr Wo Rat 90 DPD w/in 3 M
AMS3404,# Rev Tr Wo Rat 90 DPD w/in 3 M
AMS3405,# Sales Finance Tr Wo Rat 90 DPD w/in 3 M
AMS3406,# Tr Wo Rat 120-180 or More DPD w/in 3 M
AMS3407,# Bkcrd Tr Wo Rat 120-180 or More DPD w/in 3 M
AMS3409,# Dept Store Tr Wo Rat 120-180 or More DPD w/in 3 M
AMS3410,# Inst Tr Wo Rat 120-180 or More DPD w/in 3 M
AMS3412,# Retail Tr Wo Rat 120-180 or More DPD w/in 3 M
AMS3413,# Rev Tr Wo Rat 120-180 or More DPD w/in 3 M
AMS3414,# Sales Finance Tr Wo Rat 120-180 or More DPD w/in 3 M
AMS3415,# Tr Wo Rat 30 DPD w/in 6 M
AMS3417,# Bkcrd Tr Wo Rat 30 DPD w/in 6 M
AMS3419,# Dept Store Tr Wo Rat 30 DPD w/in 6 M
AMS3420,# Inst Tr Wo Rat 30 DPD w/in 6 M
AMS3422,# PerFin and StuLoan Tr Wo Rat 30 DPD w/in 6 M
AMS3423,# Retail Tr Wo Rat 30 DPD w/in 6 M
AMS3424,# Rev Tr Wo Rat 30 DPD w/in 6 M
AMS3425,# Sales Finance Tr Wo Rat 30 DPD w/in 6 M
AMS3426,# Tr Wo Rat 60 DPD w/in 6 M
AMS3428,# Bkcrd Tr Wo Rat 60 DPD w/in 6 M
AMS3430,# Dept Store Tr Wo Rat 60 DPD w/in 6 M
AMS3431,# Inst Tr Wo Rat 60 DPD w/in 6 M
AMS3433,# PerFin and StuLoan Tr Wo Rat 60 DPD w/in 6 M
AMS3434,# Retail Tr Wo Rat 60 DPD w/in 6 M
AMS3435,# Rev Tr Wo Rat 60 DPD w/in 6 M
AMS3436,# Sales Finance Tr Wo Rat 60 DPD w/in 6 M
AMS3437,# Tr Wo Rat 90 DPD w/in 6 M
AMS3439,# Bkcrd Tr Wo Rat 90 DPD w/in 6 M
AMS3441,# Dept Store Tr Wo Rat 90 DPD w/in 6 M
AMS3442,# Inst Tr Wo Rat 90 DPD w/in 6 M
AMS3444,# PerFin and StuLoan Tr Wo Rat 90 DPD w/in 6 M
AMS3445,# Retail Tr Wo Rat 90 DPD w/in 6 M
AMS3446,# Rev Tr Wo Rat 90 DPD w/in 6 M
AMS3447,# Sales Finance Tr Wo Rat 90 DPD w/in 6 M
AMS3448,# Tr Wo Rat 120-180 or More DPD w/in 6 M
AMS3450,# Bkcrd Tr Wo Rat 120-180 or More DPD w/in 6 M
AMS3452,# Dept Store Tr Wo Rat 120-180 or More DPD w/in 6 M
AMS3453,# Inst Tr Wo Rat 120-180 or More DPD w/in 6 M
AMS3455,# PerFin and StuLoan Tr Wo Rat 120-180 or More DPD w/in 6 M
AMS3456,# Retail Tr Wo Rat 120-180 or More DPD w/in 6 M
AMS3457,# Rev Tr Wo Rat 120-180 or More DPD w/in 6 M
AMS3458,# Sales Finance Tr Wo Rat 120-180 or More DPD w/in 6 M
AMS3471,# of trades with status satisfactory reported within one month
AMS3472,# of trades with status satisfactory last reported
AMS3473,# of trades with status 30-180 DPD reported within one month
AMS3474,# of trades with status 30-180 DPD last reported
AMS3475,# of trades with status 60-180 DPD reported within one month
AMS3476,# of trades with status 60-180 DPD last reported
AMS3477,# of trades with status 90-180 DPD reported within one month
AMS3478,# of trades with status 90-180 DPD last reported
AMS3479,Worst status rating reported within one month
AMS3480,Worst status rating last reported
AMS3535,# Tr Wo Rat Ever 30 DPD
AMS3536,# Auto Tr Wo Rat Ever 30 DPD
AMS3537,# Bkcrd Tr Wo Rat Ever 30 DPD
AMS3539,# Dept Store Tr Wo Rat Ever 30 DPD
AMS3540,# Inst Tr Wo Rat Ever 30 DPD
AMS3544,# Rev Tr Wo Rat Ever 30 DPD
AMS3545,# Retail Tr Wo Rat Ever 30 DPD
AMS3546,# Tr Wo Rat Ever 60 DPD
AMS3547,# Auto Tr Wo Rat Ever 60 DPD
AMS3548,# Bkcrd Tr Wo Rat Ever 60 DPD
AMS3550,# Dept Store Tr Wo Rat Ever 60 DPD
AMS3551,# Inst Tr Wo Rat Ever 60 DPD
AMS3555,# Rev Tr Wo Rat Ever 60 DPD
AMS3556,# Retail Tr Wo Rat Ever 60 DPD
AMS3557,# Tr Wo Rat Ever 90 DPD
AMS3558,# Auto Tr Wo Rat Ever 90 DPD
AMS3559,# Bkcrd Tr Wo Rat Ever 90 DPD
AMS3561,# Dept Store Tr Wo Rat Ever 90 DPD
AMS3562,# Inst Tr Wo Rat Ever 90 DPD
AMS3566,# Rev Tr Wo Rat Ever 90 DPD
AMS3567,# Retail Tr Wo Rat Ever 90 DPD
AMS3568,# Tr Wo Rat Ever 120-180 or More DPD
AMS3569,# Auto Tr Wo Rat Ever 120-180 or More DPD
AMS3570,# Bkcrd Tr Wo Rat Ever 120-180 or More DPD
AMS3572,# Dept Store Tr Wo Rat Ever 120-180 or More DPD
AMS3573,# Inst Tr Wo Rat Ever120-180 or More DPD
AMS3577,# Rev Tr Wo Rat Ever120-180 or More DPD
AMS3578,# Retail Tr Wo Rat Ever120-180 or More DPD
AMS3579,Worst Rating w/in 3 M Auto Trades
AMS3580,Worst Rating w/in 3 M Mortgage Trades
AMS3581,# Trades w/ MajDerog Reported w/in 6 M
AMS3583,# Bkcrd Trades w/ MajDerog Reported w/in 6 M
AMS3585,# Dept Store Trades w/ MajDerog Reported w/in 6 M
AMS3586,# Inst Trades w/ MajDerog Reported w/in 6 M
AMS3589,# Retail Trades w/ MajDerog Reported w/in 6 M
AMS3590,# Rev Trades w/ MajDerog Reported w/in 6 M
AMS3592,# Trades w/ MajDerog Event w/in 24 M 
AMS3593,# Auto Trades w/ MajDerog Event w/in 24 M
AMS3594,# Bkcrd Trades w/ MajDerog Event w/in 24 M
AMS3596,# Dept Store Trades w/ MajDerog Event w/in 24 M
AMS3597,# Inst Trades w/ MajDerog Event w/in 24 M
AMS3598,# Mortgage Trades w/ MajDerog Event w/in 24 M
AMS3600,# Retail Trades w/ MajDerog Event w/in 24 M
AMS3601,# Rev Trades w/ MajDerog Event w/in 24 M
AMS3602,# Sales Finance Trades w/ MajDerog Event w/in 24 M
AMS3603,# Trades MajDerog
AMS3605,# Bkcrd Trades MajDerog
AMS3607,# Dept Store Trades MajDerog
AMS3608,# Inst Trades MajDerog
AMS3609,# Auto Trades MajDerog
AMS3610,# Mortgage Trades MajDerog
AMS3611,# Retail Trades MajDerog
AMS3612,# Rev Trades MajDerog
AMS3614,# Trades w/ Unpaid MajDerog Event w/in 24 M
AMS3616,# Bkcrd Trades w/ Unpaid MajDerog Event w/in 24 M
AMS3618,# Dept Store Trades w/ Unpaid MajDerog Event w/in 24 M
AMS3619,# Inst Trades w/ Unpaid MajDerog Event w/in 24 M
AMS3622,# Retail Trades w/ Unpaid MajDerog Event w/in 24 M
AMS3623,# Rev Trades w/ Unpaid MajDerog Event w/in 24 M
AMS3624,# Sales Finance Trades w/ Unpaid MajDerog Event w/in 24 M
AMS3625,# Trades Unpaid MajDerog
AMS3627,# Bkcrd Trades Unpaid MajDerog 
AMS3629,# Dept Store Trades Unpaid MajDerog 
AMS3630,# Inst Trades Unpaid MajDerog 
AMS3633,# Retail Trades Unpaid MajDerog 
AMS3634,# Rev Trades Unpaid MajDerog 
AMS3723,# Open Retail Trades w/ Update w/in 3 M w/ Bal >= 50% High Credit
AMS3724,# Open Rev Trades w/ Update w/in 3 M w/ Bal >= 50% High Credit 
AMS3725,# Open Auto Trades w/ Update w/in 3 M w/ Bal >= 75% Loan Amount 
AMS3726,# Open Bkcrd Trades w/ Update w/in 3 M w/ Bal >= 75% High Credit 
AMS3727,# Open Dept Store Trades w/ Update w/in 3 M w/ Bal >= 75% High Credit 
AMS3728,# Open Inst Trades w/ Update w/in 3 M w/ Bal >= 75% Loan Amount 
AMS3729,# Open Mortgage Trades w/ Update w/in 3 M w/ Bal >= 75% Loan Amount 
AMS3743,M on File
AMS3744,# Retail Trades Reported w/in 3 M
AMS3745,# Retail Trades Reported w/in 6 M
AMS3746,Subject’s Age
AMS3747,# Trades Reported w/in 3 M
AMS3748,# Bkcrd Trades Reported w/in 3 M
AMS3749,# Dept Store Trades Reported w/in 3 M
AMS3750,# Inst Trades Reported w/in 3 M
AMS3751,# Rev Trades Reported w/in 3 M
AMS3752,# Trades Reported w/in 6 M
AMS3753,# Bkcrd Trades Reported w/in 6 M
AMS3754,# Rev Trades Reported w/in 6 M
AMS3755,Age Newest Date Last Activity Trades Paid as Agreed
AMS3756,Age Newest Date Last Activity Bkcrd Trades Paid as Agreed
AMS3757,Age Newest Date Last Activity Inst Trades Paid as Agreed
AMS3758,Age Newest Date Last Activity Rev Trades Paid as Agreed
AMS3759,Age Newest Date Last Activity Trades Other Than Paid as Agreed
AMS3760,Age Newest Date Last Activity Bkcrd Trades Other Than Paid as Agreed
AMS3761,Age Newest Date Last Activity Inst Trades Other Than Paid as Agreed
AMS3762,Age Newest Date Last Activity Rev Trades Other Than Paid as Agreed
AMS3794,# Unpaid 3rd Party Collections w/in 12 M
AMS3795,# Unpaid 3rd Party Collections w/in 24 M
AMS3796,# Unpaid 3rd Party Collections
AMS3797,T Collection Amount Unpaid 3rd Party Collections w/in 12 M
AMS3798,T Collection Amount Unpaid 3rd Party  Collections w/in 24 M
AMS3799,T Collection Amount Unpaid 3rd Party Collections
AMS3800,Dismissed Bankruptcy Public Record w/in 24 M Flag
AMS3801,Dismissed Bankruptcy Public Record Flag
AMS3802,Discharged Bankruptcy Public Record w/in 24 M Flag
AMS3803,Discharged Bankruptcy Public Record Flag
AMS3804,"Non-Dismissed, Non-Discharged Bankruptcy Public Record w/in 24 M Flag"
AMS3805,"Non-Dismissed, Non-Discharged Bankruptcy Public Record Flag"
AMS3806,Foreclosure w/in 12 M Flag
AMS3807,"# Public Record Tax Liens, Suits and Judgments and 3rd Party Collection Items excluding Debt Buyer"
AMS3808,T Bal Defaulted StuLoan Trades w/Update w/in 3 M
AMS3809,% Bal to High Credit Open Retail Trades w/Update w/in 3 M
AMS3810,% Retail Trades to Rev Trades
AMS3811,% Retail Trades to Trades
AMS3812,Age Newest Tax Lien Public Record Item
AMS3813,Age Newest Judgment Public Record Item
AMS3814,# of Tax Lien Pub Rec Item
AMS3815,# of Judgment Pub Rec Item
AMS3825,% Bkcrd Trades to Trades
AMS3826,% Dept Store Trades to Trades
AMS3827,% Inst Trades to Trades
AMS3828,% Rev Trades to Trades
AMS3829,% Bkcrd Trades to Rev Trades
AMS3830,% Open Dept Store Trades to Open Retail Trades
AMS3831,% Open Bkcrd Trades to Open Rev Trades
AMS3832,% Open Trades to Trades
AMS3833,% Open Bkcrd Trades to Bkcrd Trades
AMS3834,% Open Dept Store Trades to Dept Store Trades
AMS3835,% Open Inst Trades to Inst Trades
AMS3836,% Open Rev Trades to Rev Trades
AMS3837,% Open Bkcrd Trades to Open Trades
AMS3838,% Open Credit Union Trades to Open Trades
AMS3839,% Open Dept Store Trades to Open Trades
AMS3840,% Open Inst Trades to Open Trades
AMS3841,% Open Retail Trades to Open Trades
AMS3842,% Open Rev Trades to Open Trades
AMS3843,% Trades Opened w/in 6 M to Trades
AMS3844,% Trades Opened w/in 12 M to Trades
AMS3845,% Rev Trades Opened w/in 6 M to Rev Trades
AMS3846,T Bal Trades w/Update w/in 3 M
AMS3847,T Bal Bkcrd Trades w/Update w/in 3 M
AMS3848,T Bal Credit Union Trades w/Update w/in 3 M
AMS3849,T Bal Dept Store Trades w/Update w/in 3 M
AMS3850,T Bal PerFin and StuLoan Trades w/Update w/in 3 M
AMS3851,T Bal Retail Trades w/Update w/in 3 M
AMS3852,T Bal Rev Trades w/Update w/in 3 M
AMS3853,T Bal Sales Finance Trades w/Update w/in 3 M
AMS3854,% Bal to High Credit Open Bkcrd Trades w/Update w/in 3 M
AMS3855,% Bal to High Credit Open Dept Store Trades w/Update w/in 3 M
AMS3856,% Bal to High Credit Open Rev Trades w/Update w/in 3 M
AMS3857,% Bal to T Loan Amount Open Auto Trades w/Update w/in 3 M
AMS3858,% Bal to T Loan Amount Open Inst Trades w/Update w/in 3 M
AMS3859,% Bal to T Loan Amount Open Mortgage Trades w/Update w/in 3 M
AMS3860,% T PD to T Bal Bkcrd Trades w/Update w/in 3 M
AMS3861,% T PD to T Bal Retail Trades w/Update w/in 3 M
AMS3862,% T PD to T Bal Rev Trades w/Update w/in 3 M
AMS3863,% T PD to T Bal Trades w/Update w/in 3 M
AMS3864,% Trades Always Satis to Trades
AMS3865,% Trades Satis w/in 3 M to Trades Reported w/in 3 M
AMS3866,% Bkcrd Trades Satis w/in 3 M to Bkcrd Trades Reported w/in 3 M
AMS3867,% Dept Store Trades Satis w/in 3 M to Dept Store Trades Reported w/in 3 M
AMS3868,% Inst Trades Satis w/in 3 M to Inst Trades Reported w/in 3 M
AMS3869,% Rev Trades Satis w/in 3 M to Rev Trades Reported w/in 3 M
AMS3870,# Tr Wo Rat 60 DPD or Worse w/in 3 M or MajDerog Event w/in 24 M
AMS3871,# Tr Wo Rat 90 DPD or Worse w/in 3 M or MajDerog Event w/in 24 M
AMS3872,# Tr Wo Rat 120-180 or More DPD or Worse w/in 3 M or MajDerog Event w/in 24 M
AMS3873,# Bkcrd Tr Wo Rat 60 DPD or Worse w/in 3 M or MajDerog Event w/in 24 M
AMS3874,# Bkcrd Tr Wo Rat 90 DPD or Worse w/in 3 M or MajDerog Event w/in 24 M
AMS3875,# Bkcrd Tr Wo Rat 120-180 or More DPD or Worse w/in 3 M or MajDerog Event w/in 24 M
AMS3876,# Dept Store Tr Wo Rat 60 DPD or Worse w/in 3 M or MajDerog Event w/in 24 M
AMS3877,# Dept Store Tr Wo Rat 90 DPD or Worse w/in 3 M or MajDerog Event w/in 24 M
AMS3878,# Dept Store Tr Wo Rat 120-180 or More DPD or Worse w/in 3 M or MajDerog Event w/in 24 M
AMS3879,# Inst Tr Wo Rat 60 DPD or Worse w/in 3 M or MajDerog Event w/in 24 M
AMS3880,# Inst Tr Wo Rat 90 DPD or Worse w/in 3 M or MajDerog Event w/in 24 M
AMS3881,# Inst Tr Wo Rat 120-180 or More DPD or Worse w/in 3 M or MajDerog Event w/in 24 M
AMS3882,# Retail Tr Wo Rat 60 DPD or Worse w/in 3 M or MajDerog Event w/in 24 M
AMS3883,# Retail Tr Wo Rat 90 DPD or Worse w/in 3 M or MajDerog Event w/in 24 M
AMS3884,# Retail Tr Wo Rat 120-180 or More DPD or Worse w/in 3 M or MajDerog Event w/in 24 M
AMS3885,# Rev Tr Wo Rat 60 DPD or Worse w/in 3 M or MajDerog Event w/in 24 M
AMS3886,# Rev Tr Wo Rat 90 DPD or Worse w/in 3 M or MajDerog Event w/in 24 M
AMS3887,# Rev Tr Wo Rat 120-180 or More DPD or Worse w/in 3 M or MajDerog Event w/in 24 M
AMS3888,# Tr Wo Rat No Worse Than 59 DPD w/in 3 M
AMS3889,# Bkcrd Tr Wo Rat No Worse Than 59 DPD w/in 3 M
AMS3890,# Dept Store Tr Wo Rat No Worse Than 59 DPD w/in 3 M
AMS3891,# Inst Tr Wo Rat No Worse Than 59 DPD w/in 3 M
AMS3892,# Retail Tr Wo Rat No Worse Than 59 DPD w/in 3 M
AMS3893,# Rev Tr Wo Rat No Worse Than 59 DPD w/in 3 M
AMS3894,% Tr Wo Rat 60 DPD or Worse w/in 3 M or MajDerog Event w/in 24 M to Trades Reported w/in 3 M
AMS3895,% Tr Wo Rat 90 DPD or Worse w/in 3 M or MajDerog Event w/in 24 M to Trades Reported w/in 3 M
AMS3896,% Tr Wo Rat 120-180 or More DPD or Worse w/in 3 M or MajDerog Event w/in 24 M to Trades Reported w/in 3 M
AMS3897,% Bkcrd Tr Wo Rat 60 DPD or Worse w/in 3 M or MajDerog Event w/in 24 M to Bkcrd Trades Reported w/in 3 M
AMS3898,% Bkcrd Tr Wo Rat 90 DPD or Worse w/in 3 M or MajDerog Event w/in 24 M to Bkcrd Trades Reported w/in 3 M
AMS3899,% Bkcrd Tr Wo Rat 120-180 or More DPD or Worse w/in 3 M or MajDerog Event w/in 24 M to Bkcrd Trades Reported w/in 3 M
AMS3900,% Satis Bkcrd Trades to T Bkcrd Trades
AMS3901,% Satis Rev Trades to T Rev Trades
AMS3902,Bankruptcy w/in 24 M Flag
AMS3903,Bankruptcy Flag
AMS3904,Foreclosure w/in 24 M Flag
AMS3905,Foreclosure Flag
AMS3907,# 3rd Party Collections w/in 12 M
AMS3908,# 3rd Party Collections w/in 24 M
AMS3909,# 3rd Party Collections
AMS3911,T Collection Amount 3rd Party Collections w/in 12 M
AMS3912,T Collection Amount 3rd Party Collections w/in 24 M
AMS3913,T Collection Amount 3rd Party Collections
AMS3914,% Rev Tr Wo Rat 60 DPD or Worse w/in 3 M or MajDerog Event w/in 24 M to Rev Trades Reported w/in 3 M
AMS3915,% Rev Tr Wo Rat 90 DPD or Worse w/in 3 M or MajDerog Event w/in 24 M to Rev Trades Reported w/in 3 M
AMS3916,% Rev Tr Wo Rat 120-180 or More DPD or Worse w/in 3 M or MajDerog Event w/in 24 M to Rev Trades Reported w/in 3 M
AMS3917,# Tr Wo Rat 60 DPD or Worse w/in 6 M or MajDerog Event w/in 24 M
AMS3918,# Tr Wo Rat 90 DPD or Worse w/in 6 M or MajDerog Event w/in 24 M
AMS3919,# Tr Wo Rat 120-180 or More DPD or Worse w/in 6 M or MajDerog Event w/in 24 M
AMS3920,# Bkcrd Tr Wo Rat 60 DPD or Worse w/in 6 M or MajDerog Event w/in 24 M
AMS3921,# Bkcrd Tr Wo Rat 90 DPD or Worse w/in 6 M or MajDerog Event w/in 24 M
AMS3922,# Bkcrd Tr Wo Rat 120-180 or More DPD or Worse w/in 6 M or MajDerog Event w/in 24 M
AMS3923,# Dept Store Tr Wo Rat 60 DPD or Worse w/in 6 M or MajDerog Event w/in 24 M
AMS3924,# Dept Store Tr Wo Rat 90 DPD or Worse w/in 6 M or MajDerog Event w/in 24 M
AMS3925,# Dept Store Tr Wo Rat 120-180 or More DPD or Worse w/in 6 M or MajDerog Event w/in 24 M
AMS3926,# Inst Tr Wo Rat 60 DPD or Worse w/in 6 M or MajDerog Event w/in 24 M
AMS3927,# Inst Tr Wo Rat 90 DPD or Worse w/in 6 M or MajDerog Event w/in 24 M
AMS3928,# Inst Tr Wo Rat 120-180 or More DPD or Worse w/in 6 M or MajDerog Event w/in 24 M
AMS3929,# Retail Tr Wo Rat 60 DPD or Worse w/in 6 M or MajDerog Event w/in 24 M
AMS3930,# Retail Tr Wo Rat 90 DPD or Worse w/in 6 M or MajDerog Event w/in 24 M
AMS3931,# Retail Tr Wo Rat 120-180 or More DPD or Worse w/in 6 M or MajDerog Event w/in 24 M
AMS3932,# Rev Tr Wo Rat 60 DPD or Worse w/in 6 M or MajDerog Event w/in 24 M
AMS3933,# Rev Tr Wo Rat 90 DPD or Worse w/in 6 M or MajDerog Event w/in 24 M
AMS3934,# Rev Tr Wo Rat 120-180 or More DPD or Worse w/in 6 M or MajDerog Event w/in 24 M
AMS3935,# Tr Wo Rat No Worse Than 59 DPD w/in 6 M
AMS3936,# Bkcrd Tr Wo Rat No Worse Than 59 DPD w/in 6 M
AMS3937,# Rev Tr Wo Rat No Worse Than 59 DPD w/in 6 M
AMS3938,% Trades Satis w/in 6 M to Trades Reported w/in 6 M
AMS3939,% Bkcrd Trades Satis w/in 6 M to Bkcrd Trades Reported w/in 6 M
AMS3940,% Rev Trades Satis w/in 6 M to Rev Trades Reported w/in 6 M
AMS3941,% Tr Wo Rat 60 DPD or Worse w/in 6 M or MajDerog Event w/in 24 M to Trades Reported w/in 6 M
AMS3942,% Tr Wo Rat 90 DPD or Worse w/in 6 M or MajDerog Event w/in 24 M to Trades Reported w/in 6 M
AMS3943,% Tr Wo Rat 120-180 or More DPD or Worse w/in 6 M or MajDerog Event w/in 24 M to Trades Reported w/in 6 M
AMS3944,% Bkcrd Tr Wo Rat 60 DPD or Worse w/in 6 M or MajDerog Event w/in 24 M to Bkcrd Trades Reported w/in 6 M
AMS3945,% Bkcrd Tr Wo Rat 90 DPD or Worse w/in 6 M or MajDerog Event w/in 24 M to Bkcrd Trades Reported w/in 6 M
AMS3946,% Bkcrd Tr Wo Rat 120-180 or More DPD or Worse w/in 6 M or MajDerog Event w/in 24 M to Bkcrd Trades Reported w/in 6 M
AMS3947,% Rev Tr Wo Rat 60 DPD or Worse w/in 6 M or MajDerog Event w/in 24 M to Rev Trades Reported w/in 6 M
AMS3948,% Rev Tr Wo Rat 90 DPD or Worse w/in 6 M or MajDerog Event w/in 24 M to Rev Trades Reported w/in 6 M
AMS3949,% Rev Tr Wo Rat 120-180 or More DPD or Worse w/in 6 M or MajDerog Event w/in 24 M to Rev Trades Reported w/in 6 M
AMS3950,# Tr Wo Rat Ever 60 DPD or Worse 
AMS3951,# Tr Wo Rat Ever 90 DPD or Worse 
AMS3952,# Tr Wo Rat Ever 120-180 or More DPD or Worse 
AMS3953,# Bkcrd Tr Wo Rat Ever 60 DPD or Worse 
AMS3954,# Bkcrd Tr Wo Rat Ever 90 DPD or Worse 
AMS3955,# Bkcrd Tr Wo Rat Ever 120-180 or More DPD or Worse 
AMS3956,# Dept Store Tr Wo Rat Ever 60 DPD or Worse 
AMS3957,# Dept Store Tr Wo Rat Ever 90 DPD or Worse 
AMS3958,# Dept Store Tr Wo Rat Ever 120-180 or More DPD or Worse 
AMS3959,# Inst Tr Wo Rat Ever 60 DPD or Worse 
AMS3960,# Inst Tr Wo Rat Ever 90 DPD or Worse 
AMS3961,# Inst Tr Wo Rat Ever 120-180 or More DPD or Worse 
AMS3962,# Rev Tr Wo Rat Ever 60 DPD or Worse 
AMS3963,# Rev Tr Wo Rat Ever 90 DPD or Worse 
AMS3964,# Rev Tr Wo Rat Ever 120-180 or More DPD or Worse 
AMS3965,# Tr Wo Rat Ever No Worse Than 59 DPD
AMS3966,# Bkcrd Tr Wo Rat Ever No Worse Than 59 DPD
AMS3967,# Rev Tr Wo Rat Ever No Worse Than 59 DPD
AMS3968,% Tr Wo Rat Ever 60 DPD or Worse to Trades
AMS3969,% Tr Wo Rat Ever 90 DPD or Worse to Trades
AMS3970,% Tr Wo Rat Ever 120-180 or More DPD or Worse to Trades
AMS3971,% Trades MajDerog to Trades
AMS3972,% Trades Unpaid MajDerog to Trades
AMS3973,% Bkcrd Tr Wo Rat Ever 60 DPD or Worse to Bkcrd Trades
AMS3974,% Bkcrd Tr Wo Rat Ever 90 DPD or Worse to Bkcrd Trades
AMS3975,% Bkcrd Tr Wo Rat Ever 120-180 or More DPD or Worse to Bkcrd Trades
AMS3976,% Bkcrd Trades MajDerog to Bkcrd Trades
AMS3977,% Bkcrd Trades Unpaid MajDerog to Bkcrd Trades
AMS3978,% Rev Tr Wo Rat Ever 60 DPD or Worse to Rev Trades
AMS3979,% Rev Tr Wo Rat Ever 90 DPD or Worse to Rev Trades
AMS3980,% Rev Tr Wo Rat Ever 120-180 or More DPD or Worse to Rev Trades
AMS3981,% Rev Trades MajDerog to Rev Trades
AMS3982,% Rev Trades Unpaid MajDerog to Rev Trades
AMS3983,% Trades w/MajDerog Event w/in 24 M to Trades
AMS3984,% Bkcrd Trades w/MajDerog Event w/in 24 M to Bkcrd Trades
AMS3985,% Dept Store Trades w/MajDerog Event w/in 24 M to Dept Store Trades
AMS3986,% Inst Trades w/MajDerog Event w/in 24 M to Inst Trades
AMS3987,% Rev Trades w/MajDerog Event w/in 24 M to Rev Trades
AMS3988,% Trades w/Unpaid MajDerog Event w/in 24 M to Trades
AMS3989,% Bkcrd Trades w/Unpaid MajDerog Event w/in 24 M to Bkcrd Trades
AMS3990,% Dept Store Trades w/Unpaid MajDerog Event w/in 24 M to Dept Store Trades
AMS3991,% Inst Trades w/Unpaid MajDerog Event w/in 24 M to Inst Trades
AMS3992,% Rev Trades w/Unpaid MajDerog Event w/in 24 M to Rev Trades
AMS3993,% Inq w/in 3 M to Inq w/in 12 M
AMS3994,% Inq w/in 3 M to Inq w/in 24 M
AMS3995,% Inq w/in 12 M to Inq w/in 24 M